true_label,predicted_label
nonvpn,tor
nonvpn,nonvpn
nonvpn,nonvpn
nonvpn,nonvpn
nonvpn,nonvpn
nonvpn,nonvpn
nonvpn,nonvpn
nonvpn,nonvpn
nonvpn,tor
nonvpn,tor
nonvpn,nonvpn
nonvpn,nonvpn
nonvpn,tor
nonvpn,nonvpn
nonvpn,nonvpn
nonvpn,nonvpn
nonvpn,nonvpn
nonvpn,nonvpn
tor,tor
nonvpn,tor
nonvpn,nonvpn
nonvpn,nonvpn
nonvpn,nonvpn
tor,tor
tor,nonvpn
vpn,vpn
nonvpn,tor
nonvpn,tor
nonvpn,nonvpn
nonvpn,nonvpn
nonvpn,nonvpn
nonvpn,nonvpn
nonvpn,tor
nonvpn,nonvpn
nonvpn,nonvpn
tor,tor
nonvpn,nonvpn
nonvpn,nonvpn
nonvpn,nonvpn
nonvpn,nonvpn
nonvpn,vpn
nonvpn,nonvpn
nonvpn,tor
nonvpn,nonvpn
vpn,vpn
vpn,vpn
nonvpn,tor
tor,tor
nonvpn,nonvpn
nonvpn,tor
nonvpn,nonvpn
nonvpn,vpn
nonvpn,nonvpn
tor,tor
nonvpn,nonvpn
nonvpn,tor
nonvpn,nonvpn
nonvpn,nonvpn
nonvpn,nonvpn
nonvpn,nonvpn
nonvpn,nonvpn
nonvpn,nonvpn
nonvpn,nonvpn
nonvpn,nonvpn
nonvpn,nonvpn
nonvpn,nonvpn
nonvpn,tor
nonvpn,tor
nonvpn,nonvpn
nonvpn,nonvpn
nonvpn,vpn
tor,vpn
nonvpn,nonvpn
nonvpn,nonvpn
vpn,vpn
nonvpn,nonvpn
nonvpn,nonvpn
nonvpn,tor
tor,tor
nonvpn,nonvpn
nonvpn,nonvpn
nonvpn,tor
nonvpn,nonvpn
nonvpn,tor
nonvpn,nonvpn
nonvpn,tor
nonvpn,nonvpn
tor,tor
nonvpn,nonvpn
nonvpn,nonvpn
nonvpn,nonvpn
vpn,vpn
nonvpn,nonvpn
nonvpn,nonvpn
nonvpn,tor
nonvpn,nonvpn
nonvpn,nonvpn
tor,tor
nonvpn,nonvpn
nonvpn,nonvpn
nonvpn,nonvpn
nonvpn,nonvpn
nonvpn,tor
nonvpn,nonvpn
nonvpn,nonvpn
nonvpn,nonvpn
vpn,vpn
nonvpn,nonvpn
nonvpn,nonvpn
nonvpn,tor
nonvpn,nonvpn
nonvpn,nonvpn
nonvpn,nonvpn
nonvpn,nonvpn
nonvpn,nonvpn
nonvpn,nonvpn
tor,vpn
nonvpn,nonvpn
nonvpn,tor
vpn,vpn
nonvpn,nonvpn
nonvpn,nonvpn
nonvpn,nonvpn
nonvpn,nonvpn
nonvpn,tor
nonvpn,nonvpn
nonvpn,vpn
nonvpn,nonvpn
nonvpn,nonvpn
nonvpn,nonvpn
nonvpn,nonvpn
tor,tor
nonvpn,nonvpn
tor,nonvpn
nonvpn,nonvpn
nonvpn,nonvpn
nonvpn,tor
nonvpn,nonvpn
tor,vpn
tor,vpn
nonvpn,nonvpn
nonvpn,nonvpn
tor,tor
nonvpn,tor
nonvpn,nonvpn
nonvpn,nonvpn
nonvpn,nonvpn
nonvpn,vpn
nonvpn,nonvpn
nonvpn,nonvpn
nonvpn,nonvpn
nonvpn,nonvpn
nonvpn,nonvpn
nonvpn,nonvpn
nonvpn,nonvpn
vpn,tor
nonvpn,nonvpn
nonvpn,nonvpn
nonvpn,nonvpn
nonvpn,nonvpn
nonvpn,tor
nonvpn,nonvpn
nonvpn,nonvpn
vpn,vpn
nonvpn,nonvpn
nonvpn,nonvpn
nonvpn,tor
nonvpn,nonvpn
nonvpn,tor
nonvpn,nonvpn
nonvpn,nonvpn
nonvpn,nonvpn
nonvpn,vpn
nonvpn,nonvpn
nonvpn,nonvpn
tor,vpn
nonvpn,nonvpn
nonvpn,tor
nonvpn,tor
nonvpn,vpn
nonvpn,nonvpn
tor,tor
vpn,vpn
nonvpn,nonvpn
nonvpn,nonvpn
nonvpn,nonvpn
nonvpn,nonvpn
nonvpn,nonvpn
nonvpn,nonvpn
nonvpn,nonvpn
nonvpn,tor
nonvpn,nonvpn
nonvpn,nonvpn
nonvpn,nonvpn
nonvpn,nonvpn
nonvpn,nonvpn
nonvpn,nonvpn
nonvpn,nonvpn
nonvpn,tor
nonvpn,nonvpn
tor,tor
nonvpn,nonvpn
nonvpn,vpn
nonvpn,tor
nonvpn,nonvpn
nonvpn,nonvpn
nonvpn,nonvpn
nonvpn,nonvpn
nonvpn,nonvpn
nonvpn,nonvpn
vpn,vpn
nonvpn,nonvpn
vpn,vpn
nonvpn,nonvpn
nonvpn,nonvpn
nonvpn,nonvpn
nonvpn,nonvpn
nonvpn,tor
nonvpn,nonvpn
nonvpn,nonvpn
nonvpn,tor
nonvpn,nonvpn
nonvpn,nonvpn
nonvpn,nonvpn
vpn,vpn
nonvpn,nonvpn
nonvpn,tor
nonvpn,tor
nonvpn,nonvpn
nonvpn,nonvpn
nonvpn,nonvpn
nonvpn,nonvpn
nonvpn,nonvpn
nonvpn,nonvpn
nonvpn,nonvpn
vpn,vpn
nonvpn,nonvpn
nonvpn,nonvpn
nonvpn,tor
nonvpn,nonvpn
nonvpn,nonvpn
nonvpn,nonvpn
nonvpn,nonvpn
nonvpn,vpn
nonvpn,nonvpn
nonvpn,nonvpn
nonvpn,tor
nonvpn,nonvpn
nonvpn,nonvpn
vpn,vpn
tor,tor
nonvpn,nonvpn
nonvpn,vpn
nonvpn,vpn
nonvpn,vpn
nonvpn,vpn
nonvpn,nonvpn
nonvpn,nonvpn
nonvpn,vpn
nonvpn,tor
nonvpn,tor
tor,tor
nonvpn,nonvpn
nonvpn,tor
tor,nonvpn
tor,tor
nonvpn,tor
nonvpn,tor
nonvpn,nonvpn
nonvpn,nonvpn
vpn,vpn
nonvpn,nonvpn
nonvpn,nonvpn
tor,tor
tor,tor
nonvpn,nonvpn
nonvpn,tor
nonvpn,nonvpn
nonvpn,nonvpn
nonvpn,nonvpn
nonvpn,tor
nonvpn,nonvpn
nonvpn,nonvpn
nonvpn,nonvpn
nonvpn,vpn
nonvpn,tor
tor,vpn
nonvpn,nonvpn
nonvpn,nonvpn
nonvpn,nonvpn
nonvpn,nonvpn
nonvpn,nonvpn
nonvpn,nonvpn
tor,tor
nonvpn,nonvpn
nonvpn,vpn
tor,tor
tor,tor
tor,tor
nonvpn,nonvpn
nonvpn,tor
nonvpn,nonvpn
nonvpn,nonvpn
nonvpn,nonvpn
tor,tor
nonvpn,tor
nonvpn,nonvpn
nonvpn,nonvpn
nonvpn,nonvpn
nonvpn,nonvpn
nonvpn,nonvpn
nonvpn,nonvpn
nonvpn,vpn
nonvpn,nonvpn
tor,vpn
nonvpn,nonvpn
nonvpn,nonvpn
nonvpn,tor
nonvpn,nonvpn
tor,tor
tor,tor
nonvpn,nonvpn
nonvpn,nonvpn
nonvpn,nonvpn
nonvpn,nonvpn
nonvpn,nonvpn
nonvpn,nonvpn
nonvpn,nonvpn
vpn,vpn
nonvpn,nonvpn
nonvpn,nonvpn
nonvpn,nonvpn
nonvpn,nonvpn
tor,tor
nonvpn,nonvpn
nonvpn,tor
nonvpn,nonvpn
nonvpn,nonvpn
nonvpn,tor
nonvpn,nonvpn
nonvpn,nonvpn
nonvpn,nonvpn
nonvpn,tor
nonvpn,nonvpn
nonvpn,nonvpn
nonvpn,nonvpn
vpn,vpn
nonvpn,nonvpn
nonvpn,nonvpn
nonvpn,nonvpn
nonvpn,nonvpn
nonvpn,nonvpn
nonvpn,nonvpn
nonvpn,nonvpn
tor,tor
nonvpn,nonvpn
nonvpn,nonvpn
nonvpn,nonvpn
nonvpn,nonvpn
nonvpn,nonvpn
nonvpn,nonvpn
tor,nonvpn
tor,tor
tor,tor
vpn,vpn
nonvpn,tor
nonvpn,nonvpn
nonvpn,tor
nonvpn,nonvpn
nonvpn,tor
nonvpn,tor
nonvpn,nonvpn
nonvpn,nonvpn
nonvpn,nonvpn
nonvpn,nonvpn
nonvpn,nonvpn
nonvpn,nonvpn
nonvpn,vpn
nonvpn,tor
nonvpn,nonvpn
nonvpn,nonvpn
nonvpn,nonvpn
nonvpn,nonvpn
nonvpn,nonvpn
nonvpn,nonvpn
nonvpn,nonvpn
nonvpn,nonvpn
nonvpn,nonvpn
nonvpn,nonvpn
nonvpn,nonvpn
nonvpn,tor
nonvpn,vpn
nonvpn,tor
nonvpn,tor
nonvpn,nonvpn
nonvpn,nonvpn
nonvpn,vpn
nonvpn,nonvpn
vpn,vpn
nonvpn,nonvpn
nonvpn,tor
nonvpn,nonvpn
vpn,vpn
nonvpn,nonvpn
nonvpn,nonvpn
nonvpn,tor
nonvpn,tor
nonvpn,nonvpn
vpn,vpn
nonvpn,nonvpn
nonvpn,nonvpn
nonvpn,nonvpn
nonvpn,nonvpn
nonvpn,nonvpn
tor,tor
nonvpn,nonvpn
nonvpn,tor
nonvpn,nonvpn
nonvpn,nonvpn
nonvpn,nonvpn
nonvpn,vpn
nonvpn,nonvpn
nonvpn,nonvpn
nonvpn,nonvpn
nonvpn,nonvpn
tor,tor
nonvpn,tor
nonvpn,nonvpn
vpn,vpn
nonvpn,tor
nonvpn,vpn
nonvpn,vpn
vpn,vpn
tor,nonvpn
nonvpn,tor
tor,tor
tor,nonvpn
nonvpn,nonvpn
nonvpn,nonvpn
nonvpn,nonvpn
vpn,vpn
tor,tor
tor,nonvpn
nonvpn,nonvpn
nonvpn,tor
nonvpn,nonvpn
nonvpn,nonvpn
vpn,vpn
nonvpn,tor
nonvpn,tor
nonvpn,nonvpn
nonvpn,nonvpn
vpn,vpn
nonvpn,nonvpn
nonvpn,nonvpn
nonvpn,nonvpn
nonvpn,nonvpn
nonvpn,tor
nonvpn,nonvpn
tor,tor
nonvpn,nonvpn
nonvpn,tor
nonvpn,nonvpn
nonvpn,tor
nonvpn,nonvpn
nonvpn,nonvpn
nonvpn,nonvpn
nonvpn,nonvpn
nonvpn,nonvpn
nonvpn,nonvpn
nonvpn,nonvpn
nonvpn,tor
nonvpn,nonvpn
nonvpn,nonvpn
tor,tor
nonvpn,nonvpn
vpn,vpn
nonvpn,nonvpn
tor,tor
nonvpn,nonvpn
nonvpn,tor
nonvpn,nonvpn
vpn,vpn
nonvpn,tor
nonvpn,nonvpn
tor,tor
nonvpn,tor
nonvpn,nonvpn
nonvpn,nonvpn
nonvpn,tor
nonvpn,nonvpn
nonvpn,tor
nonvpn,nonvpn
nonvpn,tor
nonvpn,vpn
nonvpn,tor
nonvpn,nonvpn
vpn,vpn
nonvpn,nonvpn
nonvpn,nonvpn
nonvpn,nonvpn
nonvpn,vpn
nonvpn,tor
nonvpn,tor
nonvpn,nonvpn
nonvpn,nonvpn
nonvpn,tor
nonvpn,vpn
nonvpn,nonvpn
tor,nonvpn
nonvpn,tor
nonvpn,nonvpn
nonvpn,nonvpn
nonvpn,nonvpn
nonvpn,tor
nonvpn,vpn
nonvpn,nonvpn
vpn,vpn
nonvpn,nonvpn
nonvpn,nonvpn
nonvpn,tor
nonvpn,nonvpn
tor,tor
nonvpn,nonvpn
nonvpn,nonvpn
nonvpn,nonvpn
nonvpn,nonvpn
nonvpn,nonvpn
nonvpn,tor
nonvpn,nonvpn
nonvpn,tor
vpn,vpn
nonvpn,tor
nonvpn,tor
nonvpn,nonvpn
nonvpn,vpn
nonvpn,nonvpn
nonvpn,nonvpn
nonvpn,nonvpn
nonvpn,nonvpn
tor,tor
nonvpn,nonvpn
nonvpn,nonvpn
nonvpn,tor
nonvpn,nonvpn
nonvpn,tor
nonvpn,vpn
nonvpn,nonvpn
nonvpn,nonvpn
nonvpn,tor
tor,tor
nonvpn,tor
nonvpn,nonvpn
nonvpn,tor
nonvpn,nonvpn
nonvpn,vpn
nonvpn,tor
nonvpn,tor
nonvpn,tor
vpn,vpn
nonvpn,tor
nonvpn,tor
nonvpn,nonvpn
nonvpn,nonvpn
nonvpn,nonvpn
vpn,vpn
nonvpn,nonvpn
nonvpn,nonvpn
nonvpn,vpn
nonvpn,nonvpn
nonvpn,nonvpn
nonvpn,tor
nonvpn,nonvpn
nonvpn,nonvpn
nonvpn,nonvpn
nonvpn,nonvpn
nonvpn,nonvpn
nonvpn,nonvpn
nonvpn,nonvpn
nonvpn,tor
nonvpn,nonvpn
nonvpn,nonvpn
nonvpn,nonvpn
vpn,vpn
nonvpn,nonvpn
nonvpn,nonvpn
nonvpn,nonvpn
nonvpn,nonvpn
nonvpn,nonvpn
nonvpn,nonvpn
nonvpn,nonvpn
nonvpn,nonvpn
nonvpn,nonvpn
nonvpn,nonvpn
nonvpn,nonvpn
nonvpn,tor
nonvpn,nonvpn
nonvpn,nonvpn
nonvpn,tor
nonvpn,nonvpn
nonvpn,tor
nonvpn,tor
nonvpn,nonvpn
nonvpn,nonvpn
nonvpn,tor
nonvpn,vpn
nonvpn,tor
tor,tor
nonvpn,nonvpn
nonvpn,tor
nonvpn,nonvpn
nonvpn,nonvpn
nonvpn,nonvpn
nonvpn,tor
nonvpn,nonvpn
nonvpn,tor
tor,nonvpn
vpn,vpn
nonvpn,tor
nonvpn,nonvpn
nonvpn,nonvpn
nonvpn,nonvpn
nonvpn,nonvpn
nonvpn,nonvpn
nonvpn,nonvpn
vpn,vpn
nonvpn,nonvpn
nonvpn,tor
nonvpn,nonvpn
nonvpn,nonvpn
nonvpn,nonvpn
nonvpn,nonvpn
nonvpn,nonvpn
nonvpn,tor
nonvpn,tor
nonvpn,nonvpn
nonvpn,nonvpn
nonvpn,nonvpn
nonvpn,nonvpn
nonvpn,nonvpn
nonvpn,nonvpn
nonvpn,tor
nonvpn,nonvpn
nonvpn,nonvpn
nonvpn,nonvpn
nonvpn,tor
nonvpn,vpn
nonvpn,nonvpn
nonvpn,nonvpn
nonvpn,nonvpn
nonvpn,nonvpn
nonvpn,tor
nonvpn,nonvpn
nonvpn,nonvpn
nonvpn,tor
nonvpn,nonvpn
nonvpn,tor
nonvpn,nonvpn
nonvpn,nonvpn
nonvpn,tor
nonvpn,nonvpn
nonvpn,vpn
nonvpn,vpn
nonvpn,nonvpn
nonvpn,nonvpn
nonvpn,nonvpn
vpn,nonvpn
nonvpn,nonvpn
nonvpn,nonvpn
nonvpn,vpn
nonvpn,nonvpn
tor,tor
tor,tor
nonvpn,nonvpn
nonvpn,tor
nonvpn,nonvpn
nonvpn,nonvpn
nonvpn,tor
nonvpn,nonvpn
nonvpn,nonvpn
nonvpn,nonvpn
nonvpn,nonvpn
nonvpn,nonvpn
nonvpn,nonvpn
nonvpn,nonvpn
nonvpn,vpn
nonvpn,nonvpn
nonvpn,nonvpn
nonvpn,nonvpn
nonvpn,tor
nonvpn,nonvpn
nonvpn,nonvpn
nonvpn,nonvpn
nonvpn,tor
nonvpn,nonvpn
nonvpn,tor
nonvpn,tor
nonvpn,nonvpn
nonvpn,nonvpn
nonvpn,nonvpn
nonvpn,nonvpn
nonvpn,nonvpn
nonvpn,nonvpn
nonvpn,tor
nonvpn,nonvpn
nonvpn,nonvpn
nonvpn,nonvpn
nonvpn,tor
nonvpn,nonvpn
nonvpn,tor
nonvpn,vpn
tor,tor
nonvpn,tor
nonvpn,nonvpn
nonvpn,tor
nonvpn,tor
nonvpn,vpn
nonvpn,tor
nonvpn,tor
vpn,vpn
nonvpn,tor
tor,nonvpn
nonvpn,nonvpn
nonvpn,nonvpn
nonvpn,nonvpn
nonvpn,nonvpn
nonvpn,nonvpn
nonvpn,tor
nonvpn,nonvpn
nonvpn,nonvpn
nonvpn,nonvpn
nonvpn,nonvpn
nonvpn,nonvpn
nonvpn,nonvpn
nonvpn,nonvpn
vpn,vpn
nonvpn,vpn
vpn,vpn
nonvpn,nonvpn
nonvpn,nonvpn
tor,tor
nonvpn,nonvpn
nonvpn,tor
nonvpn,nonvpn
nonvpn,tor
nonvpn,nonvpn
nonvpn,nonvpn
nonvpn,nonvpn
nonvpn,nonvpn
tor,vpn
nonvpn,nonvpn
nonvpn,nonvpn
nonvpn,tor
nonvpn,nonvpn
nonvpn,nonvpn
nonvpn,vpn
nonvpn,tor
nonvpn,nonvpn
nonvpn,nonvpn
nonvpn,nonvpn
nonvpn,nonvpn
tor,tor
nonvpn,nonvpn
nonvpn,nonvpn
nonvpn,nonvpn
nonvpn,vpn
nonvpn,tor
nonvpn,nonvpn
nonvpn,nonvpn
nonvpn,nonvpn
nonvpn,nonvpn
nonvpn,nonvpn
nonvpn,nonvpn
vpn,vpn
nonvpn,nonvpn
nonvpn,nonvpn
nonvpn,nonvpn
nonvpn,tor
nonvpn,tor
nonvpn,nonvpn
nonvpn,nonvpn
nonvpn,nonvpn
nonvpn,tor
nonvpn,tor
nonvpn,tor
nonvpn,tor
nonvpn,nonvpn
tor,tor
vpn,tor
nonvpn,tor
nonvpn,nonvpn
nonvpn,nonvpn
nonvpn,nonvpn
nonvpn,nonvpn
nonvpn,nonvpn
nonvpn,tor
nonvpn,nonvpn
nonvpn,nonvpn
nonvpn,nonvpn
nonvpn,nonvpn
nonvpn,tor
vpn,vpn
nonvpn,nonvpn
nonvpn,nonvpn
nonvpn,nonvpn
vpn,vpn
nonvpn,tor
tor,tor
nonvpn,nonvpn
nonvpn,nonvpn
nonvpn,tor
nonvpn,nonvpn
nonvpn,nonvpn
nonvpn,nonvpn
nonvpn,nonvpn
nonvpn,nonvpn
vpn,vpn
vpn,vpn
nonvpn,tor
nonvpn,tor
nonvpn,tor
nonvpn,nonvpn
nonvpn,nonvpn
nonvpn,vpn
nonvpn,nonvpn
nonvpn,nonvpn
nonvpn,nonvpn
nonvpn,tor
nonvpn,nonvpn
nonvpn,nonvpn
nonvpn,nonvpn
nonvpn,nonvpn
nonvpn,nonvpn
nonvpn,nonvpn
nonvpn,nonvpn
nonvpn,tor
nonvpn,nonvpn
nonvpn,tor
nonvpn,nonvpn
nonvpn,tor
nonvpn,nonvpn
nonvpn,tor
nonvpn,nonvpn
nonvpn,nonvpn
nonvpn,nonvpn
nonvpn,nonvpn
nonvpn,nonvpn
nonvpn,nonvpn
nonvpn,tor
nonvpn,vpn
nonvpn,nonvpn
nonvpn,nonvpn
nonvpn,nonvpn
nonvpn,nonvpn
nonvpn,nonvpn
nonvpn,nonvpn
nonvpn,nonvpn
nonvpn,nonvpn
nonvpn,nonvpn
nonvpn,nonvpn
nonvpn,nonvpn
tor,tor
nonvpn,nonvpn
nonvpn,nonvpn
nonvpn,nonvpn
nonvpn,nonvpn
nonvpn,nonvpn
nonvpn,nonvpn
nonvpn,tor
nonvpn,nonvpn
nonvpn,nonvpn
nonvpn,nonvpn
nonvpn,nonvpn
nonvpn,nonvpn
nonvpn,nonvpn
nonvpn,nonvpn
tor,tor
nonvpn,tor
nonvpn,tor
nonvpn,nonvpn
nonvpn,nonvpn
vpn,vpn
nonvpn,nonvpn
tor,tor
nonvpn,nonvpn
nonvpn,nonvpn
nonvpn,tor
tor,vpn
nonvpn,nonvpn
nonvpn,nonvpn
nonvpn,nonvpn
vpn,vpn
nonvpn,nonvpn
nonvpn,nonvpn
nonvpn,tor
nonvpn,nonvpn
nonvpn,tor
nonvpn,nonvpn
nonvpn,nonvpn
vpn,vpn
nonvpn,nonvpn
nonvpn,nonvpn
nonvpn,nonvpn
tor,nonvpn
nonvpn,tor
nonvpn,nonvpn
tor,vpn
nonvpn,nonvpn
nonvpn,vpn
tor,tor
nonvpn,nonvpn
nonvpn,nonvpn
tor,tor
nonvpn,nonvpn
tor,nonvpn
nonvpn,nonvpn
vpn,vpn
nonvpn,nonvpn
tor,nonvpn
nonvpn,nonvpn
nonvpn,nonvpn
nonvpn,nonvpn
nonvpn,nonvpn
nonvpn,nonvpn
nonvpn,tor
nonvpn,nonvpn
nonvpn,nonvpn
vpn,tor
nonvpn,tor
tor,tor
nonvpn,tor
vpn,vpn
tor,tor
nonvpn,nonvpn
nonvpn,nonvpn
nonvpn,tor
nonvpn,nonvpn
nonvpn,nonvpn
nonvpn,nonvpn
nonvpn,tor
tor,tor
nonvpn,nonvpn
nonvpn,nonvpn
nonvpn,nonvpn
nonvpn,nonvpn
nonvpn,nonvpn
nonvpn,tor
nonvpn,tor
nonvpn,nonvpn
nonvpn,nonvpn
tor,vpn
nonvpn,nonvpn
nonvpn,tor
nonvpn,tor
nonvpn,nonvpn
nonvpn,nonvpn
nonvpn,tor
nonvpn,nonvpn
nonvpn,nonvpn
nonvpn,nonvpn
nonvpn,nonvpn
nonvpn,nonvpn
nonvpn,nonvpn
nonvpn,nonvpn
nonvpn,nonvpn
nonvpn,nonvpn
nonvpn,nonvpn
nonvpn,nonvpn
nonvpn,nonvpn
nonvpn,nonvpn
nonvpn,vpn
nonvpn,nonvpn
nonvpn,tor
nonvpn,nonvpn
nonvpn,nonvpn
tor,tor
nonvpn,tor
nonvpn,vpn
nonvpn,nonvpn
nonvpn,nonvpn
nonvpn,nonvpn
nonvpn,nonvpn
nonvpn,nonvpn
nonvpn,nonvpn
nonvpn,nonvpn
nonvpn,nonvpn
nonvpn,nonvpn
vpn,vpn
nonvpn,tor
nonvpn,nonvpn
nonvpn,nonvpn
nonvpn,tor
nonvpn,nonvpn
nonvpn,nonvpn
nonvpn,nonvpn
nonvpn,nonvpn
nonvpn,nonvpn
nonvpn,nonvpn
nonvpn,tor
nonvpn,nonvpn
nonvpn,tor
nonvpn,nonvpn
nonvpn,nonvpn
nonvpn,vpn
nonvpn,tor
vpn,tor
nonvpn,nonvpn
tor,vpn
vpn,vpn
tor,nonvpn
nonvpn,nonvpn
nonvpn,nonvpn
nonvpn,vpn
tor,tor
nonvpn,nonvpn
nonvpn,nonvpn
nonvpn,nonvpn
nonvpn,nonvpn
nonvpn,nonvpn
nonvpn,nonvpn
nonvpn,nonvpn
nonvpn,tor
tor,tor
nonvpn,tor
nonvpn,nonvpn
nonvpn,tor
nonvpn,nonvpn
nonvpn,nonvpn
nonvpn,nonvpn
nonvpn,nonvpn
nonvpn,nonvpn
nonvpn,vpn
nonvpn,nonvpn
nonvpn,nonvpn
nonvpn,nonvpn
nonvpn,tor
nonvpn,tor
nonvpn,nonvpn
nonvpn,nonvpn
nonvpn,tor
nonvpn,nonvpn
tor,tor
nonvpn,vpn
nonvpn,tor
nonvpn,nonvpn
nonvpn,nonvpn
nonvpn,nonvpn
tor,tor
nonvpn,nonvpn
nonvpn,nonvpn
nonvpn,nonvpn
nonvpn,nonvpn
nonvpn,nonvpn
nonvpn,tor
nonvpn,nonvpn
nonvpn,nonvpn
nonvpn,vpn
nonvpn,nonvpn
nonvpn,nonvpn
nonvpn,nonvpn
nonvpn,nonvpn
nonvpn,tor
vpn,vpn
nonvpn,nonvpn
nonvpn,nonvpn
nonvpn,nonvpn
nonvpn,nonvpn
nonvpn,nonvpn
tor,nonvpn
nonvpn,vpn
tor,tor
nonvpn,nonvpn
nonvpn,nonvpn
nonvpn,nonvpn
nonvpn,tor
nonvpn,tor
nonvpn,nonvpn
nonvpn,nonvpn
nonvpn,nonvpn
nonvpn,nonvpn
nonvpn,nonvpn
nonvpn,nonvpn
nonvpn,tor
nonvpn,nonvpn
tor,tor
nonvpn,nonvpn
nonvpn,tor
nonvpn,nonvpn
nonvpn,nonvpn
nonvpn,nonvpn
nonvpn,tor
nonvpn,tor
nonvpn,nonvpn
tor,tor
tor,tor
tor,tor
